[
  {
    "name": "Franklin",
    "age": "senior",
    "gender": "male",
    "size": "medium",
    "color": "salt and pepper",
    "breed": "westie/corgi"
  },
  {
    "name": "Snoopy",
    "gender": "male",
    "age": "senior",
    "size": "medium",
    "color": "black and white",
    "breed": "mutt"
  },
  {
    "name": "Oliver",
    "gender": "male",
    "age": "puppy",
    "size": "large",
    "color": "tan",
    "breed": "pit mix"
  },
  {
    "name": "Kala",
    "gender": "female",
    "age": "puppy",
    "size": "medium",
    "color": "brown and white",
    "breed": "pit mix"
  },
  {
    "name": "LambChop",
    "gender": "male",
    "age": "adult",
    "size": "small",
    "color": "white",
    "breed": "angel"
  },
  {
    "name": "Timmy",
    "gender": "male",
    "age": "senior",
    "size": "small",
    "color": "green",
    "breed": "turtle"
  },
  {
    "name": "Skippy",
    "gender": "male",
    "age": "puppy",
    "size": "small",
    "color": "black",
    "breed": "terrier"
  },
  {
    "name": "Jelly",
    "gender": "female",
    "age": "adult",
    "size": "large",
    "color": "grey",
    "breed": "pug"
  },
  {
    "name": "David",
    "gender": "male",
    "age": "puppy",
    "size": "small",
    "color": "Orange",
    "breed": "pompom"
  },
  {
    "name": "Betty White",
    "gender": "female",
    "age": "adult",
    "size": "large",
    "color": "gold",
    "breed": "golden retriever"
  }
]
